country,s1,s2,s3,s4,s5,s8,s6,s7,SN,A,PBC,O,s1_SN,s2_SN,s3_SN,s4_SN,s5_SN,s8_SN,s6_SN,s7_SN,s1_A,s2_A,s3_A,s4_A,s5_A,s8_A,s6_A,s7_A,s1_PBC,s2_PBC,s3_PBC,s4_PBC,s5_PBC,s8_PBC,s6_PBC,s7_PBC,s1_O,s2_O,s3_O,s4_O,s5_O,s8_O,s6_O,s7_O,s2_I,s1_I,s4_I,s5_I,s6_I,s3_I,s7_I,y1,y2,startDate,endDate
Australia,0.069802839,0.060361416,0.062554447,0.058426081,0.086751026,0.047646723,0.06368224,0.098670798,0.018128554,0.111719056,0.019078089,0.019931204,0.022582142,0.020344784,0.020450833,0.024966628,0.025316522,0.014386155,0.016620095,0.022048523,0.117912205,0.108443188,0.119729603,0.10638032,0.138896724,0.107980103,0.117315605,0.126325827,0.034939394,0.020550668,0.022336356,0.014591835,0.024895852,0.015043375,0.024584535,0.026657367,0.037122027,0.017779914,0.05109822,0.018304209,0.025814766,0.00891931,0.021241474,0.046764033,1,1,1,1,1,1,1,0.097464157,0.138233307,23/3/2022,29/3/2022
Australia,0.071316334,0.061935456,0.039896303,0.063096619,0.087686029,0.047921236,0.071448643,0.074623847,0.016424255,0.113911983,0.019897566,0.01797077,0.015843115,0.020260468,0.015505906,0.021229558,0.032133699,0.01262967,0.018300183,0.016817057,0.118481885,0.118037277,0.10870362,0.112850191,0.129078618,0.110999766,0.120893357,0.112299016,0.035368077,0.024255605,0.018516146,0.018634164,0.027086613,0.015719002,0.023155793,0.022350366,0.02347145,0.018275696,0.03426421,0.013931349,0.020277667,0.010581322,0.02492359,0.042943019,1,1,1,1,1,1,1,-0.22410272,0.045970584,25/5/2022,31/5/2022
Australia,0.066017063,0.058148923,0.067553303,0.077668473,0.075866311,0.050987419,0.058027,0.103525684,0.013378897,0.112635032,0.016422683,0.019009814,0.015180748,0.012449972,0.018191241,0.034608583,0.019008262,0.008329624,0.014359992,0.025444477,0.11380068,0.113828046,0.12110199,0.11805792,0.122800792,0.107829797,0.105152017,0.131783655,0.028012835,0.013778967,0.019633436,0.016005863,0.025070923,0.014352254,0.025239315,0.015446895,0.02996376,0.015600879,0.053189275,0.024120873,0.02153851,0.009978142,0.020027289,0.033572587,0,0,1,0,1,0,1,0.230769231,-0.377777778,4/3/2020,10/3/2020
Australia,0.090391981,0.08300365,0.080917249,0.07811425,0.097056883,0.058800218,0.096808557,0.118261226,0.01738921,0.121773692,0.017878379,0.02218332,0.02306388,0.01664891,0.021418435,0.03769214,0.02627929,0.010488608,0.026978971,0.029679841,0.131047394,0.12850977,0.124782641,0.120421501,0.139252846,0.112542178,0.133998563,0.139075416,0.03533928,0.019062135,0.019305926,0.016583433,0.027217408,0.013731201,0.024274086,0.01950318,0.03862774,0.022321133,0.058618146,0.020224631,0.025662674,0.009590895,0.029381752,0.035990943,1,1,1,1,1,0,1,2.571428571,-0.375,11/3/2020,17/3/2020
Australia,0.094876745,0.084954627,0.077786946,0.069440717,0.104052507,0.069818308,0.087440207,0.121938458,0.017899962,0.123696224,0.017161703,0.023633126,0.022267743,0.018815454,0.019693943,0.026978703,0.024104311,0.011933284,0.025983946,0.031816851,0.13433637,0.128232585,0.121900654,0.109661712,0.138720324,0.118660479,0.123260723,0.146268982,0.031963901,0.017036272,0.018705537,0.015192268,0.026930696,0.012851895,0.022200055,0.023052639,0.041978809,0.026354924,0.053296472,0.020845165,0.025715723,0.011471426,0.024032769,0.0407883,1,1,1,1,1,0,1,2.120689655,1.175137845,18/3/2020,24/3/2020
Australia,0.097864459,0.090301772,0.085971173,0.079819406,0.105258598,0.076626147,0.097977325,0.116527368,0.016855309,0.127767989,0.017146136,0.024239562,0.023613199,0.018410816,0.01859481,0.027331567,0.021472019,0.012325118,0.019968141,0.023615976,0.135259623,0.132599943,0.126049221,0.120492564,0.138869799,0.123359487,0.132452083,0.135508304,0.031210932,0.017345335,0.017436249,0.018939494,0.019806063,0.013647594,0.026673182,0.019165851,0.040181429,0.027531939,0.061093138,0.02126548,0.019950474,0.011680224,0.027869947,0.039103908,1,1,1,1,1,0,1,-0.38125,-0.358778962,25/3/2020,31/3/2020
Australia,0.085459085,0.067975458,0.053141802,0.071911756,0.083636869,0.059227539,0.07924249,0.090478378,0.014181225,0.117241718,0.017386461,0.025064019,0.018550872,0.013741755,0.01348422,0.018152625,0.019565503,0.011570228,0.018025743,0.022906434,0.12904081,0.117853264,0.107391645,0.115097014,0.127020187,0.116791818,0.123303779,0.11712091,0.031251711,0.017006488,0.015379345,0.018083662,0.022701662,0.015313026,0.01996905,0.021482997,0.038525258,0.027176309,0.05536703,0.023573325,0.024715781,0.013821126,0.028116508,0.032001966,1,1,1,1,1,0,1,0.617283951,-0.180232558,1/7/2020,7/7/2020
Australia,0.074565974,0.07016577,0.072985024,0.081234578,0.096961863,0.065233655,0.083322331,0.091642466,0.014949281,0.119387992,0.017729803,0.02475518,0.018939919,0.013256485,0.018557583,0.020305487,0.023455404,0.011561934,0.020826688,0.019025006,0.122593087,0.115615536,0.122431766,0.119431558,0.140043538,0.116702934,0.129756189,0.116017856,0.03409565,0.016264982,0.020643635,0.021639128,0.024897787,0.013676037,0.024022351,0.020100433,0.039894128,0.027131396,0.059478289,0.023914266,0.025874916,0.011836438,0.027256319,0.034216914,1,1,1,1,1,1,1,0.388235294,-0.426861215,8/7/2020,14/7/2020
Australia,0.081768089,0.079845233,0.068489289,0.088394337,0.108267741,0.065219347,0.089950262,0.094596123,0.01367662,0.126190474,0.021644293,0.027488063,0.016462036,0.013659774,0.015440716,0.017270335,0.016206413,0.011912734,0.011647484,0.016190036,0.125803025,0.121196785,0.120265387,0.129436309,0.149157485,0.126981106,0.126472878,0.125268734,0.040855822,0.024916399,0.025641243,0.018869928,0.030490571,0.01524742,0.022168974,0.020596572,0.034254284,0.031426058,0.054830177,0.019811213,0.027745296,0.015779124,0.033954992,0.039631364,1,1,1,1,1,1,1,-0.25,-0.133333333,27/1/2021,2/2/2021
Australia,0.08461328,0.081782506,0.076715988,0.090699853,0.098046184,0.071575142,0.096908189,0.098646619,0.014598473,0.124671551,0.021088525,0.028296659,0.01352918,0.012683902,0.018672759,0.016697765,0.022941418,0.012526225,0.016932718,0.019976265,0.125480245,0.121725364,0.123994283,0.132661471,0.132535798,0.123162463,0.130568368,0.127967498,0.036287501,0.023026001,0.024501426,0.017843109,0.029919981,0.015605338,0.025606193,0.020126025,0.038342467,0.032262149,0.053496481,0.025614433,0.026905893,0.016437334,0.024923395,0.045432576,1,1,1,1,1,1,1,0.222222222,2.166666667,3/2/2021,9/2/2021
Australia,0.088094286,0.08096401,0.070650838,0.09325712,0.082745332,0.066420548,0.082219985,0.106934983,0.01471196,0.122197128,0.020864599,0.02407164,0.018509508,0.012782881,0.017754964,0.023807895,0.016510071,0.012279174,0.013752461,0.025419517,0.126593118,0.119822285,0.119235869,0.130340381,0.128337847,0.12098819,0.123128685,0.132959034,0.040964849,0.019462835,0.026219334,0.022963368,0.0296946,0.016177235,0.020115763,0.02612609,0.037607181,0.022326917,0.04888105,0.020727872,0.028251988,0.014980447,0.030632186,0.034936203,1,1,1,1,1,1,1,-0.25,0.472727273,10/2/2021,16/2/2021
Australia,0.104789196,0.084778178,0.072870913,0.087852094,0.09377384,0.077344727,0.090313921,0.088370133,0.01511128,0.126823189,0.020025889,0.023155418,0.027610179,0.013863655,0.016905493,0.017883805,0.015191773,0.013008602,0.01890888,0.021629836,0.142408281,0.126878345,0.117575255,0.123419756,0.136097028,0.126947468,0.128224588,0.119353166,0.039111113,0.020423524,0.02525749,0.021704153,0.0265345,0.015001532,0.023264581,0.019838033,0.050071955,0.021893628,0.038994371,0.01786145,0.021056702,0.017842952,0.030042615,0.028330687,1,1,1,1,1,1,1,1,0.119047619,17/2/2021,23/2/2021
Australia,0.118096861,0.076846823,0.074519854,0.09717141,0.094335854,0.068925824,0.088984448,0.095841058,0.015527398,0.123710845,0.020885861,0.022958036,0.01842804,0.015492112,0.016429389,0.020643767,0.01764677,0.013264824,0.014506879,0.020817966,0.151166526,0.117945903,0.121566721,0.127990465,0.135431082,0.124178273,0.122948194,0.118601474,0.060684519,0.019108413,0.023108186,0.019239667,0.028225036,0.016661431,0.022934927,0.019668204,0.044596614,0.021953405,0.044577622,0.027236479,0.023627118,0.014154876,0.021539992,0.035169971,1,1,1,1,1,1,1,0.25,-2.75,24/2/2021,2/3/2021
Australia,0.08485659,0.069456218,0.060963303,0.070503616,0.081564256,0.065434746,0.078519793,0.097867903,0.015226128,0.117015571,0.019987274,0.023137293,0.017897941,0.016023788,0.01336983,0.022705985,0.016754053,0.011987727,0.016789379,0.023101777,0.125837191,0.115348501,0.112384113,0.1122728,0.127237206,0.117182017,0.119412981,0.126644217,0.036527241,0.020753375,0.019761729,0.018341901,0.027695853,0.015597191,0.022332806,0.026866566,0.028009789,0.021871424,0.044629935,0.01795114,0.029667889,0.016910287,0.028032525,0.028262266,1,1,1,1,1,1,1,-0.268292683,0.134920635,30/6/2021,6/7/2021
Australia,0.077742138,0.061673962,0.058386527,0.074325693,0.07234059,0.048390591,0.069966587,0.088388752,0.013265111,0.110621946,0.018731531,0.021342037,0.016503699,0.013776682,0.014710904,0.020392703,0.015953116,0.009802753,0.016600607,0.015568937,0.125099625,0.107504057,0.111631622,0.11467474,0.119668841,0.108566144,0.112340226,0.119784098,0.041321485,0.01820002,0.023985389,0.015929013,0.021653432,0.014435595,0.02187465,0.02556809,0.03046794,0.019371132,0.046338252,0.025655299,0.022853611,0.014271047,0.021644715,0.027775992,1,1,1,1,1,1,1,1.523809524,-0.360784314,7/7/2021,13/7/2021
Australia,0.07644116,0.075701428,0.040956082,0.072883168,0.081193704,0.05310173,0.087532306,0.097492236,0.014087473,0.116978062,0.017695183,0.024622413,0.017023206,0.014189376,0.013813977,0.020925661,0.017790329,0.011061853,0.018242144,0.021241821,0.122551934,0.12154571,0.108461029,0.113217486,0.125663844,0.112360013,0.128663324,0.127675084,0.033232029,0.020308157,0.018271198,0.01520405,0.021562828,0.013022892,0.022311914,0.02059789,0.037778366,0.022717045,0.058072396,0.025949891,0.02087536,0.014023826,0.031084036,0.034761933,1,1,1,1,1,1,1,0.738095238,0.611393324,14/7/2021,20/7/2021
Australia,0.062669792,0.068292257,0.054235665,0.07279321,0.078617509,0.052329525,0.069470648,0.089199741,0.014487202,0.116329154,0.020350328,0.025938014,0.019251871,0.014098886,0.016529196,0.023084364,0.023598245,0.010577085,0.014765748,0.023253877,0.117645418,0.116685348,0.115993988,0.119474327,0.124645332,0.114018795,0.116574946,0.120830628,0.038235085,0.022362237,0.021135416,0.015052883,0.027321221,0.01538433,0.022982906,0.024557924,0.033263477,0.0254263,0.052166618,0.026218657,0.025016164,0.017530911,0.025100937,0.038270736,1,1,1,1,1,1,1,0.29375,0.029109589,21/7/2021,27/7/2021
Australia,0.083347204,0.073591449,0.063701147,0.080727614,0.101543238,0.059652122,0.071382671,0.093589587,0.014324262,0.117780354,0.020480263,0.025402516,0.015757462,0.013395861,0.016096868,0.021370156,0.020456765,0.012298669,0.014902845,0.017596216,0.126584712,0.117444637,0.11629973,0.122526822,0.138635102,0.114761186,0.108534064,0.126110472,0.04127645,0.020597294,0.021953376,0.016027955,0.031782688,0.015726623,0.023425297,0.028088049,0.037694277,0.022612713,0.055257081,0.0331898,0.026744154,0.01699767,0.023288884,0.02906974,1,1,1,1,1,1,1,0,-0.092757937,28/7/2021,3/8/2021
Australia,0.065200048,0.071327006,0.053264201,0.066032961,0.086412125,0.050542715,0.069672812,0.071927474,0.014854348,0.112593456,0.019447759,0.020511992,0.01901762,0.01515576,0.017698198,0.020295181,0.01805154,0.011460795,0.015924282,0.022915229,0.11590581,0.115877133,0.10933914,0.114580984,0.128655456,0.108224066,0.111740799,0.110368766,0.040850821,0.021068878,0.02273376,0.017219071,0.024056226,0.014334637,0.021346999,0.020765232,0.027006236,0.019393602,0.045908646,0.025586411,0.024864189,0.012106495,0.024569142,0.026099259,1,1,1,1,1,1,1,0.215231788,-0.227886416,4/8/2021,10/8/2021
Australia,0.059890099,0.067019791,0.054052602,0.065624815,0.079715463,0.046346211,0.055487966,0.073285438,0.01428598,0.112552636,0.019290771,0.021025351,0.020295275,0.014551856,0.016078254,0.01861444,0.018184908,0.010835684,0.015552296,0.022661899,0.11686097,0.114830831,0.111243453,0.116212722,0.127537233,0.108415002,0.109031475,0.114332843,0.038349837,0.020347697,0.020338533,0.017133974,0.024627831,0.015436427,0.021035356,0.019366427,0.028088273,0.020816255,0.047574704,0.018672349,0.026753902,0.012084928,0.021968905,0.028318784,1,1,1,1,1,1,1,0.819892473,0.390940337,11/8/2021,17/8/2021
Australia,0.063799333,0.065158446,0.062503535,0.059676356,0.078205394,0.047332961,0.066089048,0.078664029,0.014715315,0.112713504,0.021063793,0.021412219,0.016204108,0.015391093,0.017488389,0.017201386,0.021226743,0.011327235,0.017009708,0.019519891,0.117638446,0.112115945,0.116483429,0.107557732,0.125894252,0.110589949,0.113974362,0.112875126,0.038977268,0.022495321,0.02308229,0.01926463,0.028621378,0.015786909,0.024866883,0.024223588,0.033054744,0.020161046,0.046467041,0.02117245,0.024079743,0.013326435,0.025791925,0.028308292,1,1,1,1,1,1,1,0.299866131,0.060871244,18/8/2021,24/8/2021
Australia,0.081713786,0.066206081,0.057172875,0.072509465,0.08897205,0.051227546,0.063400744,0.074003358,0.01468842,0.114755981,0.021105772,0.020051273,0.019082997,0.014318119,0.017438337,0.018872403,0.020418099,0.012336504,0.015769712,0.018041321,0.122933561,0.114413689,0.113052435,0.117515098,0.133296476,0.112914957,0.112694934,0.109327083,0.044540644,0.021253789,0.022801351,0.020842337,0.026016241,0.017911843,0.021728147,0.018996338,0.028559319,0.017643884,0.043235325,0.024180778,0.023069115,0.014180047,0.023950743,0.026569481,1,1,1,1,1,1,1,0.098654709,-0.173758159,25/8/2021,31/8/2021
Canada,0.049114868,0.072466571,0.061151825,0.096976017,0.069324467,0.061625529,0.095907763,0.106689172,0.011782771,0.113669737,0.013896174,0.018393901,0.013691051,0.009769741,0.015292817,0.027292045,0.015670878,0.007221695,0.018754948,0.026553551,0.091672062,0.114519054,0.111649201,0.127428088,0.11043946,0.111122119,0.128146193,0.128784317,0.020595401,0.012123922,0.016671686,0.013327365,0.018198599,0.011733524,0.023345411,0.020668168,0.026966857,0.016058173,0.04845499,0.02159182,0.01705728,0.010314693,0.019414802,0.034924931,1,0,1,0,1,0,1,1.625,-0.458333333,4/3/2020,10/3/2020
Canada,0.108303551,0.07751085,0.071590397,0.061482795,0.100352946,0.061031764,0.087856245,0.120354716,0.017261507,0.11768422,0.017252097,0.024868271,0.028593995,0.017033651,0.022086047,0.019901408,0.028344776,0.011047085,0.021095912,0.027059405,0.142019527,0.124218934,0.118204075,0.096540542,0.135558382,0.109117236,0.121718129,0.138723067,0.034150055,0.015998551,0.018758369,0.0134032,0.029504338,0.012509317,0.024670513,0.0251289,0.05712705,0.024362819,0.054354192,0.014634915,0.032895441,0.011091051,0.027215106,0.03934098,1,1,1,1,1,0,1,1.444444444,-1.98013245,11/3/2020,17/3/2020
Canada,0.103419288,0.093669145,0.074329425,0.06652881,0.112405695,0.068203804,0.095604686,0.131834797,0.017569847,0.120827395,0.015655869,0.023998282,0.022752335,0.018536684,0.019592473,0.020331613,0.023552125,0.012873092,0.023299305,0.025203014,0.138603473,0.13021701,0.115317019,0.101999644,0.139576894,0.111153345,0.123304898,0.150083365,0.026539261,0.016193955,0.018369374,0.012384731,0.019878604,0.012151027,0.018479695,0.02031249,0.042964095,0.027334672,0.04901114,0.014761615,0.02505736,0.012426151,0.024981448,0.043809953,1,1,1,1,1,0,1,1.87654321,-0.495878734,18/3/2020,24/3/2020
Canada,0.104604124,0.103098577,0.088643344,0.060534557,0.112448515,0.073526847,0.098067014,0.120990819,0.017969974,0.127168489,0.015339397,0.025493822,0.024208298,0.018713422,0.022553768,0.022692265,0.023945937,0.013091906,0.022030902,0.025094231,0.13723645,0.139592734,0.128681222,0.102914491,0.141371974,0.119965634,0.126900607,0.138231366,0.024986238,0.01605314,0.017343696,0.012082599,0.020161859,0.012459015,0.01800277,0.018563944,0.04062822,0.02774647,0.05775895,0.016955018,0.023819735,0.016214936,0.02373882,0.036703407,1,1,1,1,1,0,1,1.151832461,0.181069199,25/3/2020,31/3/2020
Canada,0.097630516,0.099100525,0.087095354,0.073735909,0.111521991,0.072701724,0.107008149,0.112257169,0.017531817,0.126235635,0.01620046,0.022671246,0.023132023,0.017975679,0.020296965,0.023275792,0.025018551,0.013267405,0.021778887,0.022419676,0.137322988,0.138269822,0.128234486,0.110663999,0.137700947,0.117290313,0.134984501,0.13499125,0.026707872,0.019010139,0.017405586,0.013339471,0.020197827,0.012855628,0.018468907,0.018798895,0.034459961,0.02493311,0.049734222,0.0148775,0.024152193,0.013570439,0.024318111,0.033860255,1,1,1,1,1,1,1,0.057926829,-0.139354515,1/4/2020,7/4/2020
Canada,0.100571639,0.089759511,0.077011978,0.082393345,0.097822201,0.064228741,0.07673474,0.086441862,0.018420677,0.123500249,0.018390531,0.023737931,0.023916655,0.016896016,0.028556749,0.018507094,0.02665999,0.014845272,0.019185258,0.019205411,0.144015252,0.126378857,0.126546816,0.123641162,0.139443602,0.117434877,0.121770198,0.110619906,0.035032397,0.017859478,0.020916471,0.018900878,0.023799027,0.014911349,0.02155054,0.019314019,0.045585079,0.021855726,0.061253692,0.018891197,0.024263383,0.012589367,0.022112003,0.02773096,1,1,1,1,1,1,1,-0.016802764,-0.296779403,2/12/2020,8/12/2020
Canada,0.101051674,0.092567979,0.069394474,0.092657894,0.082732076,0.068825316,0.09276633,0.096655795,0.017854179,0.125562989,0.018818914,0.023031918,0.025815794,0.017181388,0.023224407,0.023108208,0.022092021,0.01402835,0.019681515,0.021411222,0.140113243,0.127033092,0.123541936,0.129426277,0.128254977,0.122341031,0.129805569,0.117638762,0.034401974,0.0180957,0.02101128,0.022134803,0.023633074,0.01471877,0.024133513,0.023378937,0.055430723,0.020043767,0.054657077,0.018747134,0.022750385,0.012652927,0.028870222,0.030458912,1,1,1,1,1,1,1,-0.00204274,-0.273209384,9/12/2020,15/12/2020
Canada,0.088969698,0.093480829,0.070150317,0.079999311,0.075703077,0.06222408,0.089371519,0.086338359,0.017042912,0.122969257,0.018622089,0.022494325,0.021992264,0.016478374,0.020666174,0.0217071,0.019802096,0.013874475,0.024096473,0.016729398,0.133005898,0.131558135,0.120560331,0.116966931,0.121841064,0.117452632,0.126135595,0.112965653,0.034802886,0.0197273,0.02145169,0.020369993,0.019680762,0.014393288,0.019901817,0.020628888,0.045890824,0.020668552,0.053308293,0.019487755,0.023078183,0.011938147,0.02843057,0.030785554,1,1,1,1,1,1,1,-0.04312115,-0.21826167,16/12/2020,22/12/2020
Canada,0.092987229,0.094230974,0.071309678,0.074579021,0.077996046,0.066116757,0.080206235,0.093902705,0.019815328,0.124269184,0.017629411,0.022828918,0.029999275,0.018050563,0.024248199,0.023972475,0.022069958,0.017879264,0.021549186,0.020436329,0.137490041,0.131928236,0.124836383,0.116721823,0.122499126,0.119619155,0.120084804,0.117705119,0.031342951,0.016455702,0.021745901,0.021021584,0.017706766,0.015189226,0.020500516,0.019749956,0.046715322,0.021596911,0.056869968,0.017214121,0.020262116,0.013270118,0.026602734,0.036092889,1,1,1,1,1,1,1,0.406039767,0.474708768,23/12/2020,29/12/2020
Canada,0.095301408,0.076480807,0.068209827,0.029331785,0.07549342,0.063244866,0.071546704,0.079733489,0.017761388,0.118816292,0.018950394,0.022440298,0.022827565,0.01624012,0.02501569,0.018192207,0.023382954,0.015469559,0.018229549,0.01974477,0.136654954,0.120193376,0.121501599,0.100624662,0.13205678,0.119256357,0.115561321,0.107823375,0.040662572,0.018805237,0.022671511,0.01547012,0.024637706,0.015960574,0.019190899,0.019482007,0.044365494,0.02016959,0.057332262,0.026092116,0.022757726,0.011511067,0.021157193,0.027686447,1,1,1,1,1,1,1,-0.024112004,-0.045477311,30/12/2020,5/1/2021
Canada,0.11609391,0.098227133,0.071656273,0.076261357,0.083324818,0.068382075,0.0861392,0.087171558,0.017607458,0.124929637,0.020035086,0.02442325,0.039915457,0.01563227,0.01962501,0.017578877,0.024045797,0.014609746,0.021902377,0.017174154,0.152130813,0.131834668,0.124445819,0.115519644,0.12511348,0.119681104,0.125601628,0.111055642,0.054622461,0.019652448,0.019817793,0.018009824,0.023257439,0.016120913,0.022202493,0.019940435,0.064786089,0.021020437,0.051677136,0.019325271,0.022804438,0.014245658,0.030015248,0.033480769,1,1,1,1,1,1,1,0.102244389,0.797121653,10/2/2021,16/2/2021
Canada,0.085892952,0.088389002,0.071537895,0.071247768,0.089464005,0.072348249,0.082288178,0.099640981,0.016710137,0.122091315,0.018542139,0.024366327,0.025459445,0.014629237,0.022471816,0.01576503,0.021116188,0.015085244,0.017895773,0.017652291,0.132041297,0.12452561,0.120751095,0.114367988,0.126106183,0.121101537,0.117773177,0.119418552,0.034952161,0.017531529,0.022502824,0.018358152,0.018967917,0.015744287,0.021952179,0.019041463,0.053786399,0.021195287,0.05435271,0.021247149,0.023921972,0.014519641,0.027352571,0.03130972,1,1,1,1,1,1,1,0.056623558,0.126625371,17/2/2021,23/2/2021
Canada,0.103681487,0.091124435,0.081747358,0.076274464,0.098110043,0.067847857,0.097977076,0.100479126,0.017674155,0.122672817,0.019596241,0.022817605,0.026206843,0.016483097,0.023615415,0.020120958,0.025092612,0.014157375,0.017977399,0.020828334,0.140029463,0.122671534,0.124744832,0.117326886,0.132470455,0.118254258,0.131991954,0.120618546,0.036517062,0.01913268,0.023962171,0.016678457,0.020699891,0.015430361,0.029547854,0.021376267,0.050482305,0.018669537,0.053308051,0.020524273,0.02128777,0.013685009,0.030841323,0.031967137,1,1,1,1,1,1,1,-0.001634521,-0.142318723,24/2/2021,2/3/2021
Canada,0.096843152,0.098786525,0.075893756,0.088069142,0.089330088,0.074923908,0.089887209,0.097424609,0.017539586,0.12427353,0.018184348,0.020955219,0.026601952,0.017271806,0.023139737,0.020830751,0.018141313,0.014433473,0.017326565,0.020041903,0.139666521,0.126537228,0.124448102,0.122279005,0.128062467,0.120790723,0.123534159,0.118323922,0.038184499,0.017037981,0.023650191,0.015229879,0.018021971,0.015988715,0.019013419,0.019719436,0.046803834,0.016748956,0.049965679,0.020547022,0.018988643,0.013019585,0.024662849,0.034706131,1,1,1,1,1,1,1,0.026761518,-0.161768465,3/3/2021,9/3/2021
Canada,0.075627361,0.073144926,0.059156354,0.079598641,0.081301256,0.054658921,0.075006683,0.087787363,0.015324405,0.1156832,0.021846258,0.020896787,0.021785971,0.018630519,0.016285193,0.014950275,0.016183456,0.011735689,0.017529671,0.017116531,0.119868432,0.117389626,0.118077426,0.113263626,0.123159112,0.112327947,0.121011634,0.115398801,0.031035212,0.026477577,0.024000383,0.016260708,0.026341094,0.017607669,0.024618923,0.019099442,0.040316047,0.020986851,0.043419603,0.015529534,0.026652694,0.009513264,0.020038495,0.032968326,1,1,1,1,1,1,1,-0.297649247,-0.665954211,2/3/2022,8/3/2022
Canada,0.079071371,0.060711487,0.065500332,0.065246467,0.087877006,0.057016904,0.072306087,0.080152372,0.015979081,0.114012545,0.022222488,0.019427481,0.021001878,0.017495165,0.018733715,0.016287595,0.022393812,0.012055055,0.019255692,0.017053432,0.125503061,0.110478101,0.119221249,0.107589259,0.132995848,0.1117623,0.119031385,0.10880311,0.035370253,0.025463664,0.026683153,0.018966762,0.022977919,0.016844271,0.027322257,0.020833197,0.039044972,0.01879187,0.034114678,0.015841154,0.024282343,0.009343875,0.021326167,0.031514813,1,1,1,1,1,1,1,0.339712209,0.373961188,9/3/2022,15/3/2022
Canada,0.082296645,0.069737403,0.062370839,0.070338941,0.072915054,0.05247831,0.056887803,0.078544123,0.016855338,0.114839068,0.021339413,0.022156635,0.021228605,0.0212811,0.020307995,0.014725705,0.020145273,0.01177222,0.017861596,0.02029726,0.12498978,0.116706817,0.119867423,0.110625457,0.12851157,0.110930284,0.114379078,0.106747886,0.037003099,0.023052907,0.027390226,0.019021849,0.026477889,0.01596414,0.020872708,0.02121432,0.03970683,0.021133284,0.041154916,0.027414252,0.030064034,0.009731022,0.021004587,0.030709121,1,1,1,1,1,1,1,0.789413989,0.575284855,16/3/2022,22/3/2022
Canada,0.069450337,0.064542891,0.051740063,0.079449742,0.090039064,0.050085877,0.065739644,0.081255444,0.016215174,0.11385008,0.0212025,0.021383563,0.023951147,0.016433866,0.01892205,0.018286608,0.022001957,0.012896893,0.017167599,0.020614216,0.118790205,0.115238928,0.113996823,0.120070651,0.137182676,0.109970087,0.112614022,0.111579159,0.032832646,0.022665282,0.025038308,0.018074392,0.038197864,0.016231881,0.024266915,0.021200918,0.032750055,0.01991468,0.047685885,0.019426423,0.023110753,0.008845692,0.023699052,0.033751185,1,1,1,1,1,1,1,0.547626026,0.996339935,23/3/2022,29/3/2022
Canada,0.06521225,0.067512778,0.057044765,0.068565768,0.087601431,0.051002899,0.060075387,0.066769743,0.016574217,0.114378183,0.020372935,0.024272255,0.016436776,0.017442494,0.024102054,0.018297437,0.019951796,0.01231383,0.019362899,0.014812398,0.118197776,0.116656321,0.118595553,0.117434838,0.13164493,0.110824623,0.114991676,0.099450775,0.031019533,0.022683939,0.024623241,0.017523933,0.024962979,0.01583286,0.024209696,0.01931842,0.032875571,0.024791183,0.051371811,0.020194604,0.026548696,0.01139256,0.021462999,0.032832872,1,1,1,1,1,1,1,-0.18877551,14.86070448,30/3/2022,5/4/2022
Canada,0.073055046,0.068692298,0.054784889,0.071744984,0.06837112,0.051968383,0.077803577,0.083161002,0.017152018,0.114846972,0.020771027,0.021003986,0.020118704,0.021081811,0.019850919,0.015987428,0.018675914,0.013602618,0.01613704,0.019356135,0.120258183,0.119838696,0.116225568,0.117781685,0.119407825,0.109677001,0.119449994,0.113214358,0.032749939,0.026634341,0.024061953,0.015805543,0.021039405,0.015826646,0.020366887,0.020525118,0.034302399,0.021587714,0.048668859,0.015957523,0.020935415,0.009203508,0.020709643,0.042896504,1,0,1,1,1,1,1,-0.59362845,0.077703871,4/5/2022,10/5/2022
Canada,0.070181999,0.070330798,0.054639052,0.077809824,0.07658844,0.046441384,0.063863611,0.072887064,0.015611191,0.114589496,0.020789475,0.019106206,0.018381649,0.018302736,0.017235076,0.014946378,0.021120214,0.012717257,0.014281479,0.019965257,0.120321412,0.120313692,0.118466864,0.122640483,0.124166585,0.109131732,0.111748103,0.104279101,0.032155266,0.025647657,0.022827453,0.017287465,0.02544143,0.016615052,0.021947616,0.018621819,0.025248085,0.02209418,0.046102195,0.017859256,0.020798059,0.008021352,0.016967149,0.030849236,1,0,1,1,1,1,1,-0.229044834,4.626363856,11/5/2022,17/5/2022
Canada,0.069947234,0.068087128,0.05935695,0.07587319,0.077467312,0.048814987,0.06851552,0.082096452,0.016277435,0.114271049,0.022115801,0.020558561,0.017320555,0.018750127,0.017032995,0.018165928,0.022583608,0.012631606,0.025705902,0.017043423,0.122199343,0.119814153,0.113267543,0.120578339,0.127605423,0.10847271,0.118363483,0.1124149,0.039928675,0.026854709,0.02353155,0.018189399,0.026649483,0.017322841,0.026529369,0.019258158,0.033189149,0.020729509,0.049462166,0.017468248,0.019491281,0.009206453,0.016380742,0.03997758,1,0,1,1,1,1,1,-0.659824532,5.161425411,18/5/2022,24/5/2022
United Kingdom,0.035634946,0.060124358,0.067283373,0.07031166,0.104558975,0.028815342,0.063590279,0.130195402,0.01398018,0.103658624,0.012658891,0.020485414,0.014482383,0.01102947,0.023472411,0.02109306,0.033496932,0.00786443,0.018133397,0.059432897,0.104658702,0.108227182,0.119810368,0.110162549,0.137118542,0.092170513,0.118453596,0.155137951,0.025587163,0.01434074,0.017361668,0.010721423,0.018291336,0.010262769,0.018385633,0.011125507,0.023404185,0.025285829,0.034379898,0.024417637,0.024322396,0.010203169,0.02592934,0.085119454,0,0,0,0,1,0,0,0,0,5/2/2020,11/2/2020
United Kingdom,0.061866838,0.059151262,0.05900193,0.055652732,0.094207324,0.037677885,0.075603019,0.14782498,0.011877398,0.099995756,0.010313468,0.014899334,0.011987282,0.009327954,0.018915319,0.033014113,0.013791545,0.005875,0.012259514,0.076637054,0.105461825,0.109550779,0.114310457,0.100696163,0.132901593,0.088567247,0.113032096,0.159681917,0.016678236,0.012575266,0.017104501,0.012967538,0.023033976,0.006983238,0.025669368,0.008197671,0.014861941,0.015551951,0.03154804,0.018373832,0.024545662,0.007611194,0.011427355,0.084470831,0,0,0,0,1,0,0,0,0,29/1/2020,4/2/2020
United Kingdom,0.071910134,0.057960529,0.090558133,0.075495129,0.085654905,0.045909704,0.083565092,0.146645341,0.015379659,0.11070938,0.015194261,0.016002644,0.019925791,0.01418471,0.027051528,0.046895758,0.021266314,0.007954062,0.015824935,0.04838479,0.119451603,0.11797167,0.136794758,0.122022857,0.131878411,0.096337906,0.127017661,0.166346929,0.03235505,0.018499014,0.020949051,0.015484522,0.02552084,0.010646273,0.025840845,0.017458207,0.022615111,0.017374308,0.037204932,0.026417138,0.020578526,0.007312428,0.017982565,0.057290971,0,0,0,0,1,0,0,3.607142857,0.74,4/3/2020,10/3/2020
United Kingdom,0.084404725,0.074252645,0.064082802,0.084475762,0.092764999,0.04978325,0.085251913,0.11657641,0.018022255,0.110115354,0.015788732,0.018811929,0.025241602,0.023077899,0.020888804,0.053184625,0.026049759,0.009576699,0.024512228,0.036419644,0.128693035,0.124296958,0.108647672,0.123638545,0.136129841,0.097694186,0.126498176,0.141590117,0.032020362,0.019758519,0.018188589,0.017021831,0.025013038,0.011063619,0.02358659,0.020470773,0.035453801,0.02439649,0.040795264,0.026915134,0.024652368,0.007740737,0.024740963,0.043698697,1,1,0,0,1,0,0,0.868613139,-0.34,11/3/2020,17/3/2020
United Kingdom,0.104119502,0.077874538,0.091315447,0.084342837,0.116616335,0.057223865,0.097540806,0.140547136,0.021093555,0.117906248,0.016166997,0.022573744,0.031009906,0.025681449,0.023741057,0.046840762,0.034089116,0.012248726,0.026090582,0.041156304,0.140737659,0.126216044,0.130558844,0.127156848,0.150157976,0.10061788,0.13352598,0.16174307,0.029009053,0.019035804,0.019657434,0.016025444,0.02658814,0.01125406,0.023748309,0.018178971,0.043012496,0.031788979,0.039823653,0.025637726,0.03083837,0.009835086,0.025838277,0.056031421,1,1,0,1,1,0,0,1.383383383,-0.28,18/3/2020,24/3/2020
United Kingdom,0.099121602,0.063721909,0.103490262,0.094258116,0.129820553,0.06206702,0.10272923,0.135494685,0.019458709,0.1183199,0.015191217,0.022908588,0.023656295,0.021777908,0.022890842,0.045118799,0.037197468,0.011883641,0.02627211,0.036201835,0.138610112,0.117883055,0.141049333,0.129758112,0.159070721,0.102027838,0.136260694,0.15853118,0.031776011,0.015783559,0.01829516,0.016724562,0.022323308,0.011049869,0.023542064,0.019912847,0.045858216,0.028031519,0.060629708,0.023480823,0.028842066,0.009652587,0.025072901,0.048477977,1,1,0,1,1,0,0,0.677060134,-0.07,25/3/2020,31/3/2020
United Kingdom,0.099970009,0.073191048,0.08906743,0.090043794,0.130378953,0.062155208,0.109156841,0.136643571,0.019232883,0.120724282,0.016098002,0.021950032,0.024784962,0.02219227,0.023920094,0.039190047,0.030456755,0.012350879,0.027242238,0.032491666,0.139500459,0.125827816,0.131430713,0.12752334,0.158950368,0.105186392,0.144153007,0.158206193,0.029045916,0.017488477,0.018916603,0.019231103,0.024185601,0.012047581,0.022397612,0.019146013,0.036300324,0.026642558,0.050177034,0.021235133,0.029009563,0.010771365,0.025424843,0.055199138,1,1,0,1,1,0,1,0.105710814,-0.07,1/4/2020,7/4/2020
United Kingdom,0.09208961,0.07098526,0.082262159,0.079011386,0.120062121,0.067414538,0.106599524,0.126204596,0.018434012,0.120018117,0.016249914,0.020532193,0.022449979,0.020283161,0.021480946,0.033509613,0.03001205,0.012633339,0.024364491,0.034426095,0.135128598,0.121657128,0.128361115,0.122314611,0.152457976,0.108230532,0.141750384,0.148447487,0.026182579,0.017490274,0.020919524,0.017118442,0.021645929,0.012353705,0.025702826,0.018287709,0.032596241,0.024557409,0.047290926,0.020310728,0.025536719,0.010675891,0.026592871,0.046504375,1,1,0,1,1,0,1,-0.157608696,0.1,8/4/2020,14/4/2020
United Kingdom,0.104297609,0.083075307,0.089859709,0.073577636,0.133795545,0.066786433,0.112273351,0.135240687,0.020391193,0.12329959,0.017275383,0.022186624,0.023416187,0.025538499,0.023717628,0.02946501,0.034754306,0.013532099,0.026792392,0.035934022,0.140812176,0.131467824,0.134814989,0.120095899,0.163299003,0.107223015,0.148668595,0.156482335,0.028614302,0.021249975,0.021302783,0.015766425,0.025182762,0.012267489,0.024257761,0.025582257,0.040566487,0.032207276,0.045864975,0.018518717,0.028744801,0.011074038,0.025975076,0.045982188,1,1,0,1,1,0,1,-0.061095782,-0.19,15/4/2020,21/4/2020
United Kingdom,0.10183093,0.086100188,0.087404162,0.094898946,0.140605813,0.070489048,0.110893917,0.128369345,0.02030601,0.125546696,0.01777486,0.02214617,0.022945532,0.025149397,0.021792257,0.03452817,0.038502288,0.012953607,0.025578346,0.035896464,0.142351539,0.133473198,0.127654348,0.128505682,0.168988397,0.110938373,0.146755459,0.148787306,0.026771056,0.021927033,0.021360546,0.017373896,0.024650713,0.013284768,0.024473649,0.021196109,0.032980863,0.032937155,0.045846679,0.020414337,0.028566063,0.011527066,0.026768594,0.038973538,1,1,0,1,1,1,1,-0.140178409,-0.15,22/4/2020,28/4/2020
United Kingdom,0.101045531,0.064839275,0.074503762,0.10154018,0.11779848,0.062848151,0.108692513,0.113433537,0.018353577,0.11947468,0.021111331,0.026232661,0.02525457,0.019414671,0.020440379,0.029997878,0.031360636,0.012707247,0.023378511,0.02940495,0.14092852,0.119016722,0.126294664,0.136132821,0.153948172,0.106196691,0.144133737,0.133303707,0.035351966,0.022899935,0.026143566,0.02229055,0.02887895,0.015609923,0.029431783,0.028482564,0.048823738,0.030110538,0.056681318,0.03000589,0.031784662,0.014576151,0.0308178,0.03519141,1,1,0,1,1,1,1,-0.140834575,0.15,3/6/2020,9/6/2020
United Kingdom,0.119222959,0.076540542,0.100736795,0.103648578,0.118349474,0.066693205,0.114292188,0.122124749,0.018538292,0.124615991,0.018718284,0.026053965,0.026519534,0.018892725,0.01982766,0.029137266,0.030221169,0.013173236,0.023982774,0.028519392,0.153679167,0.123398631,0.142975001,0.138850665,0.155098142,0.108921162,0.146389335,0.141875961,0.031400589,0.019136469,0.024639087,0.019508834,0.025421978,0.013818405,0.022377408,0.03305125,0.054529839,0.028571096,0.059777231,0.027102542,0.029295095,0.014028565,0.030827307,0.041954463,1,1,1,1,1,1,1,-0.090371622,0.02,10/6/2020,16/6/2020
United Kingdom,0.118649628,0.074137465,0.096478705,0.101616342,0.156875406,0.072956469,0.115635,0.128846708,0.019798636,0.129566434,0.019204876,0.024786808,0.025298028,0.020385927,0.025327274,0.028833407,0.029986658,0.013676514,0.029333199,0.029213955,0.151587358,0.124961528,0.141214608,0.137537706,0.184067267,0.113387337,0.149228541,0.147518755,0.034301391,0.022356167,0.023651871,0.022283301,0.0216651,0.014224778,0.025004528,0.024559563,0.0535301,0.026993688,0.057836255,0.02805065,0.024016529,0.013535085,0.025674796,0.040225462,1,1,1,1,1,1,1,-0.118,-0.06,17/6/2020,23/6/2020
United Kingdom,0.106788359,0.077919679,0.091217299,0.109465976,0.12756485,0.067605723,0.110938358,0.108818267,0.018016916,0.124171206,0.018908497,0.025934958,0.022762979,0.019139248,0.020652466,0.031320107,0.032922578,0.011834914,0.024671225,0.027304264,0.143121392,0.12497296,0.137284239,0.141263112,0.16341413,0.109373054,0.146180135,0.12943328,0.030370846,0.020932917,0.023591554,0.022209746,0.026892599,0.013494547,0.026915921,0.023815364,0.051771923,0.02861692,0.059601424,0.027376335,0.026931961,0.013427243,0.03168445,0.041243398,1,1,1,1,1,1,1,-0.479328165,-0.11,24/6/2020,30/6/2020
United Kingdom,0.112841863,0.076897908,0.086171491,0.089801811,0.11777338,0.061345826,0.112909929,0.110886942,0.018031636,0.120056824,0.018894657,0.025961719,0.028086145,0.019367397,0.020296415,0.026053236,0.032453115,0.012381622,0.024277891,0.026019366,0.149737129,0.122821724,0.132917824,0.123887612,0.154733486,0.104926138,0.148883523,0.135947896,0.034218531,0.021123816,0.023741465,0.019397222,0.027898876,0.01330019,0.02734669,0.023465667,0.05557887,0.029940639,0.05889208,0.023676501,0.030290486,0.011978101,0.032928598,0.046180049,1,1,1,1,1,1,1,-0.161451815,-0.75,29/7/2020,4/8/2020
United Kingdom,0.109656042,0.0784901,0.07870063,0.076383502,0.110729476,0.063006623,0.115285299,0.117866878,0.018323788,0.121855231,0.019089154,0.025592033,0.025819999,0.01901591,0.01978699,0.02537441,0.030280983,0.013630507,0.023573253,0.023931736,0.147665129,0.124412618,0.13239335,0.124238028,0.150236257,0.108113652,0.147412502,0.139456458,0.035526011,0.023598274,0.022752689,0.017908777,0.030310031,0.012988679,0.024046626,0.023586976,0.058501198,0.024652599,0.060126621,0.022079892,0.033626116,0.012667786,0.027777632,0.044718145,1,1,1,1,1,1,1,0.284116331,0.07,5/8/2020,11/8/2020
United Kingdom,0.110610654,0.077533744,0.079230079,0.084628329,0.10423493,0.058016658,0.103027096,0.109254601,0.016905448,0.118370028,0.01825367,0.025296769,0.026529023,0.017592157,0.018761135,0.021446264,0.027906846,0.012242118,0.022378212,0.026228336,0.147981715,0.123480487,0.126051496,0.122628044,0.144032137,0.104751813,0.139884137,0.137681107,0.034984144,0.020140716,0.02076027,0.017579563,0.026263348,0.013535062,0.025720893,0.021111171,0.0549966,0.026331121,0.059691413,0.02586748,0.033003693,0.011478659,0.031050963,0.041244947,1,1,1,1,1,1,1,0.081268583,0.65,12/8/2020,18/8/2020
United Kingdom,0.108350186,0.098835708,0.088752902,0.094138379,0.118651885,0.068395806,0.10673386,0.115767678,0.019450312,0.127976333,0.018658029,0.027193682,0.024271541,0.022787627,0.023880309,0.026578228,0.037016128,0.011830073,0.025087051,0.02561498,0.146736687,0.138318198,0.132818043,0.134370419,0.153897313,0.112326149,0.143612604,0.138892555,0.035531918,0.022085577,0.020139527,0.017957783,0.024613447,0.012701434,0.02865599,0.024097088,0.050934399,0.02791171,0.062387517,0.033749056,0.034662693,0.012771298,0.034263326,0.044764718,1,1,1,1,1,1,1,-0.235475705,-0.36,2/12/2020,8/12/2020
United Kingdom,0.092395931,0.085995312,0.068145543,0.081834479,0.103113325,0.062213529,0.097957593,0.108899697,0.017465764,0.119915342,0.018486057,0.025157554,0.027475207,0.018135293,0.020906765,0.024750279,0.024948657,0.012655033,0.022887774,0.025799183,0.134963925,0.128885333,0.123168541,0.124602653,0.149043213,0.107240504,0.135921417,0.134722004,0.033773556,0.02082879,0.021436543,0.019458338,0.027913203,0.013140754,0.028282521,0.019317507,0.043607216,0.026546926,0.059111955,0.029986496,0.032812424,0.011297833,0.03505241,0.048887689,1,1,1,1,1,1,1,0.116470942,-0.43,9/12/2020,15/12/2020
United Kingdom,0.092828404,0.075210185,0.065771623,0.07017795,0.086700415,0.052931081,0.089668585,0.107633528,0.016432441,0.115551231,0.018062194,0.023278609,0.025252683,0.019209473,0.017869128,0.021784557,0.023731511,0.011846633,0.021656751,0.024448106,0.137243171,0.124404518,0.119869405,0.115195101,0.136069517,0.104487654,0.132217468,0.13578441,0.039311464,0.021610228,0.020656376,0.018204469,0.024666721,0.012870089,0.025066709,0.019785435,0.035188266,0.027326872,0.055877469,0.024823536,0.026794859,0.011313742,0.027871938,0.045878553,1,1,1,1,1,1,1,0.463703762,-0.25,16/12/2020,22/12/2020
United Kingdom,0.079440866,0.076418299,0.071784918,0.07560956,0.088048822,0.055541633,0.086454604,0.097734902,0.017150006,0.116924767,0.017124837,0.023319352,0.02576717,0.01857522,0.019544725,0.022494325,0.020273996,0.013649114,0.024043192,0.024422197,0.128536192,0.125244103,0.12420155,0.120405158,0.132082558,0.107414184,0.132310774,0.128651157,0.035966833,0.019618486,0.020944895,0.018396082,0.024130564,0.012246187,0.024378544,0.022256736,0.031464758,0.024470231,0.065805193,0.022768556,0.026378626,0.010770808,0.026691359,0.046805392,1,1,1,1,1,1,1,0.353066938,0.22,23/12/2020,29/12/2020
United Kingdom,0.081507125,0.072640116,0.072065798,0.071543443,0.092438272,0.052234804,0.073671767,0.086462155,0.016810799,0.114076961,0.01797942,0.023162667,0.021538924,0.019297604,0.024050972,0.021372452,0.024349151,0.011523888,0.020750039,0.024717373,0.12749254,0.120625135,0.121838263,0.119754663,0.138717284,0.103846524,0.122845942,0.121958729,0.037300182,0.020653363,0.02073262,0.017043304,0.029024333,0.012874296,0.023476517,0.022356097,0.0371924,0.024964395,0.057562089,0.032933313,0.032622805,0.009575169,0.027889606,0.040824958,1,1,1,1,1,1,1,0.217857,0.1,30/12/2020,5/1/2021
United States,0.081067157,0.07314886,0.080279446,0.069481823,0.081245778,0.048649491,0.0779502,0.073295749,0.01689977,0.116806098,0.019240894,0.026254831,0.021993541,0.020345748,0.017369334,0.017279329,0.018682321,0.013816039,0.01961092,0.01919889,0.128609074,0.121919925,0.133944878,0.111455126,0.126401999,0.107360789,0.119645784,0.105778723,0.037947315,0.022630391,0.020635071,0.015191811,0.024820188,0.014840826,0.022584319,0.022754821,0.0348647,0.029092684,0.075254076,0.015771552,0.026158246,0.008839305,0.02254924,0.031186402,1,1,1,1,1,1,1,-0.372081617,-1.715245792,4/5/2022,10/5/2022
United States,0.072407181,0.073510703,0.08887065,0.062879035,0.06865213,0.042623881,0.077988236,0.078420186,0.015315806,0.118109351,0.018389224,0.02931803,0.017380986,0.016544032,0.017214876,0.019407306,0.019069743,0.012450198,0.020357898,0.016734437,0.119407006,0.124450798,0.142453471,0.107053236,0.122415092,0.106997263,0.121676781,0.109600375,0.03363484,0.021208057,0.01947393,0.015424263,0.022053807,0.014501439,0.023216744,0.019870158,0.033299349,0.034815405,0.086604976,0.016086411,0.026452631,0.007932774,0.027239774,0.031370701,1,1,1,1,1,1,1,-0.471479262,-1.803785002,11/5/2022,17/5/2022
United States,0.066695204,0.062884313,0.054021439,0.071862164,0.077855488,0.039820531,0.058678214,0.097702756,0.010950736,0.104951346,0.01562393,0.015337671,0.01488472,0.013809643,0.013723537,0.019778571,0.014302134,0.00756262,0.01469759,0.022500061,0.114130661,0.119086517,0.112212562,0.116800845,0.132698238,0.094898099,0.108751492,0.127607198,0.034137006,0.017927504,0.021396082,0.017564835,0.026346851,0.011365832,0.02377141,0.020101717,0.02407493,0.019194326,0.045985424,0.016376681,0.02233932,0.006527381,0.020413308,0.03508526,1,0,1,0,1,0,0,0,0,26/2/2020,3/3/2020
United States,0.081072758,0.069538577,0.068726432,0.063857796,0.07500215,0.044042816,0.07807915,0.118037271,0.012541637,0.108732269,0.015768943,0.019222944,0.019244314,0.014020641,0.017445186,0.020705965,0.020648077,0.008114529,0.021353284,0.02393532,0.125812282,0.122894388,0.120419614,0.111202653,0.12737917,0.095882949,0.122786312,0.142389631,0.0334057,0.018351988,0.020787196,0.017761903,0.023584887,0.011305274,0.023887245,0.02014298,0.036837148,0.020905732,0.060051703,0.015055895,0.03046957,0.007201828,0.026377973,0.041376677,1,0,1,1,1,1,0,4.696969697,0.769824561,4/3/2020,10/3/2020
United States,0.089120933,0.074020341,0.065111118,0.067763309,0.0914193,0.042150401,0.088817878,0.122464914,0.014404267,0.107862544,0.015551609,0.020666537,0.026304851,0.017717694,0.019178297,0.023595275,0.026346814,0.008699439,0.023312837,0.025720761,0.131123335,0.125133933,0.116388599,0.11282748,0.133395287,0.093174229,0.127052326,0.144276474,0.030743776,0.018771459,0.019304056,0.017041117,0.025385915,0.010636085,0.02601478,0.023721653,0.04565988,0.024087742,0.060836116,0.016813842,0.032081217,0.006861619,0.03097931,0.043489423,1,1,1,1,1,1,0,4.021917808,-0.692000609,11/3/2020,17/3/2020
United States,0.089064577,0.085523842,0.071517997,0.065435431,0.095322553,0.047293594,0.097558222,0.117910443,0.015984082,0.110554817,0.015369391,0.021696002,0.025859253,0.019805149,0.02053547,0.023850933,0.025984805,0.010471215,0.023902297,0.025986303,0.133467322,0.130718571,0.121500327,0.111734962,0.134003152,0.094609113,0.130961143,0.141134816,0.030022028,0.018184004,0.018312176,0.0159955,0.022876041,0.011176907,0.023000897,0.020988829,0.042021343,0.027899354,0.060640648,0.013964158,0.031420411,0.00784098,0.029846281,0.042253807,1,1,1,1,1,1,0,2.996236357,-0.497420067,18/3/2020,24/3/2020
United States,0.095712171,0.092523433,0.073166583,0.080666635,0.10557249,0.05233843,0.098096969,0.117622083,0.016752075,0.114362415,0.014903953,0.022835852,0.025319726,0.020288323,0.021166796,0.024416286,0.02624196,0.011549533,0.024208216,0.02670784,0.135882241,0.136250146,0.121291587,0.118918301,0.139721928,0.0989081,0.131591237,0.142618397,0.028543572,0.018278473,0.017080554,0.015929323,0.021530269,0.010980861,0.020918607,0.020618095,0.040848431,0.028850523,0.060454345,0.017911245,0.028143196,0.010577819,0.028009044,0.040091137,1,1,1,1,1,1,0,1.175393749,0.048683599,25/3/2020,31/3/2020
United States,0.091844913,0.090996489,0.078531944,0.07340715,0.105788417,0.050449414,0.095346525,0.109773689,0.016884304,0.112331987,0.015309775,0.020755883,0.025264748,0.020597554,0.022748086,0.023071579,0.02480949,0.01189287,0.023608402,0.024196575,0.135375388,0.134938248,0.123185633,0.114223575,0.138419202,0.0965827,0.130437794,0.134642896,0.030308153,0.018603005,0.01872686,0.014880392,0.023145774,0.011129473,0.022197071,0.019595395,0.037010124,0.028102199,0.056146879,0.014763281,0.027449275,0.008872218,0.025544985,0.035768549,1,1,1,1,1,1,0,-0.036535686,-0.23665845,1/4/2020,7/4/2020
United States,0.094221636,0.093340952,0.078064108,0.076097329,0.111789999,0.056303871,0.102441004,0.10971301,0.017214547,0.114316176,0.015719439,0.021016349,0.024471281,0.021021141,0.021055726,0.02223268,0.025301942,0.012400229,0.027117612,0.024260347,0.134687927,0.135257758,0.122338564,0.115962063,0.142582921,0.099278931,0.13561657,0.133528923,0.028802031,0.018541514,0.018725454,0.016740637,0.022349718,0.011804739,0.021941223,0.021937995,0.035332262,0.029426806,0.055178866,0.014505777,0.030190687,0.009361685,0.025877547,0.036304081,1,1,1,1,1,1,0,-0.088046872,0.009465362,8/4/2020,14/4/2020
United States,0.094795758,0.088400027,0.077070447,0.076537473,0.107660872,0.056276253,0.103959068,0.105759488,0.016592873,0.11444992,0.016111024,0.022545991,0.024545935,0.019554565,0.019621471,0.021620316,0.025239231,0.012126463,0.024749103,0.023374235,0.138377843,0.132293825,0.123441392,0.11611364,0.142409257,0.099673326,0.136741414,0.129413834,0.029995886,0.018621677,0.019268592,0.016504494,0.021948139,0.012244241,0.023616078,0.019413382,0.04545273,0.030948537,0.059110644,0.015104701,0.030550803,0.009578846,0.027885602,0.037066527,1,1,1,1,1,1,0,0.006873383,-0.047444051,15/4/2020,21/4/2020
United States,0.097108918,0.082718664,0.081464615,0.082611632,0.110002413,0.059208857,0.104494056,0.114303475,0.017112855,0.115208648,0.016405527,0.021914224,0.023213139,0.019183892,0.020805422,0.022817817,0.027138906,0.012908945,0.024895001,0.024859214,0.139768774,0.128272349,0.12571491,0.121146284,0.143551395,0.101478222,0.137063054,0.136723364,0.031066742,0.01877602,0.020210126,0.018712537,0.023037575,0.012359116,0.023798017,0.019901129,0.038020182,0.027790004,0.058773328,0.015025786,0.031072684,0.010055295,0.028177249,0.039687736,1,1,1,1,1,1,0,-0.177637964,-0.149087299,22/4/2020,28/4/2020
United States,0.098758906,0.084750181,0.076601118,0.080029504,0.11562479,0.058363802,0.108425182,0.110383774,0.016177669,0.114971148,0.016223173,0.021875198,0.024332221,0.017933008,0.020061483,0.019824056,0.027760449,0.011663164,0.024899359,0.021786203,0.139474329,0.128914296,0.123117078,0.118817072,0.149522717,0.099999611,0.140889532,0.134636427,0.029792233,0.018155497,0.019949233,0.017247235,0.022938797,0.012097077,0.02456827,0.021728468,0.040747187,0.027767632,0.057855867,0.017650789,0.03128117,0.009624158,0.027475758,0.039237042,1,1,1,1,1,1,0,-0.105504245,-0.083627188,29/4/2020,5/5/2020
United States,0.102369995,0.083462888,0.0753208,0.083575989,0.107066495,0.055318969,0.100563309,0.107051728,0.017613904,0.113672128,0.016196738,0.022582112,0.027920313,0.019407292,0.019871994,0.022711316,0.029296204,0.013584708,0.023989198,0.021465134,0.139667229,0.127155752,0.122831841,0.120583731,0.14400851,0.09968998,0.134541051,0.129225333,0.031516249,0.019080036,0.018900298,0.0170782,0.023264148,0.012084961,0.023959037,0.019427695,0.041281862,0.027429854,0.061817942,0.017554218,0.030867851,0.009662121,0.027760196,0.03895822,1,1,1,1,1,1,1,-0.044971816,0.206335587,6/5/2020,12/5/2020
United States,0.100521295,0.082884824,0.074787263,0.078092383,0.106430689,0.058320972,0.111912155,0.101502983,0.015697491,0.114497312,0.016441762,0.022521903,0.026061475,0.017874583,0.018784087,0.020931038,0.026581429,0.011531985,0.021191,0.020391127,0.138592363,0.126674301,0.123947807,0.116075597,0.143207456,0.101123252,0.14252464,0.128008015,0.030098228,0.018703349,0.021445735,0.01661596,0.025386316,0.012331869,0.021465738,0.019700139,0.0431045,0.028161901,0.056193783,0.019411976,0.030027396,0.010840405,0.0263718,0.040787905,1,1,1,1,1,1,1,0.024381714,0.06305037,13/5/2020,19/5/2020
United States,0.091556394,0.079117353,0.069485038,0.081614601,0.103675648,0.057732315,0.100634329,0.093952365,0.015876737,0.113781106,0.016158541,0.020933325,0.023819739,0.017618725,0.018858931,0.021506417,0.024238792,0.011934688,0.023180571,0.021892545,0.134801437,0.125301989,0.121914912,0.120718852,0.141596741,0.101443524,0.134985651,0.121451161,0.029407485,0.01856734,0.019066464,0.017536664,0.022440152,0.0123989,0.022261945,0.019648085,0.040515588,0.023753615,0.052374457,0.019940543,0.028202849,0.009782883,0.029186233,0.036873975,1,1,1,1,1,1,1,-0.179655671,-0.132622336,20/5/2020,26/5/2020
United States,0.088161438,0.072301914,0.067359266,0.07128801,0.088999738,0.045689129,0.089295844,0.0938347,0.015038555,0.107630014,0.01667327,0.024101536,0.022594553,0.01581578,0.018282018,0.02126233,0.026349797,0.011071471,0.020745643,0.021871752,0.13200121,0.120595418,0.119456532,0.111937145,0.135050394,0.093643807,0.126995309,0.119885932,0.032918538,0.01910286,0.020264682,0.016541112,0.024069795,0.012269177,0.025288698,0.019082262,0.048313149,0.030238244,0.056048936,0.018874272,0.032425728,0.011880206,0.030417763,0.037501266,1,1,1,1,1,1,1,0.070724298,0.124145214,27/5/2020,2/6/2020
United States,0.095597431,0.074567139,0.078739366,0.079348358,0.10001801,0.052214854,0.087584989,0.095920769,0.015491271,0.110275138,0.01754283,0.027176882,0.025396335,0.016207176,0.018646832,0.023931864,0.025370977,0.011510131,0.020658238,0.020872943,0.136868432,0.120236769,0.125260709,0.118902663,0.141400258,0.096273571,0.124832897,0.120921123,0.034632709,0.020627382,0.020494053,0.01967369,0.025569492,0.012783564,0.026068796,0.019809674,0.055876322,0.033426831,0.065687375,0.021275367,0.036997546,0.013189225,0.030667914,0.040621224,1,1,1,1,1,1,1,0.060816454,0.248916827,3/6/2020,9/6/2020
United States,0.091003026,0.074636958,0.070735228,0.086108955,0.093936499,0.053000988,0.092227321,0.091789543,0.015381232,0.111348675,0.017048279,0.024538117,0.024892035,0.016003507,0.01885149,0.020308988,0.026154692,0.011373373,0.022260764,0.018547959,0.133624824,0.122333014,0.120712025,0.121410663,0.137906444,0.098242275,0.127999643,0.116916012,0.033121677,0.019633763,0.019707782,0.019098859,0.026317341,0.012429945,0.023757229,0.01957283,0.046804563,0.028946459,0.059809859,0.020447613,0.033316567,0.010823486,0.030328931,0.038322606,1,1,1,1,1,1,1,0.130352703,0.100309053,10/6/2020,16/6/2020
United States,0.090793756,0.071938615,0.067640895,0.080764164,0.082749604,0.05155747,0.0841899,0.086630694,0.015762218,0.111864263,0.016861661,0.025827353,0.025640708,0.016069027,0.020375821,0.022460232,0.02418459,0.011526318,0.021045074,0.02053807,0.134489202,0.122469503,0.123507704,0.122137491,0.133563305,0.098607508,0.124344947,0.116226352,0.03135104,0.018305473,0.019031708,0.019625465,0.022938835,0.012938315,0.023848673,0.021407813,0.048245333,0.02700513,0.067598551,0.023507141,0.031698431,0.009930562,0.031275771,0.035921248,1,1,1,1,1,1,1,0.431756007,0.197709385,17/6/2020,23/6/2020
United States,0.079999783,0.068189719,0.057320248,0.073581001,0.073943049,0.045219454,0.084842837,0.079476004,0.014615976,0.10837544,0.017020758,0.023391787,0.021140041,0.015031221,0.020114582,0.019665226,0.022111285,0.010509082,0.020443973,0.019505893,0.128212817,0.119327754,0.117488943,0.118716061,0.124986607,0.095811038,0.126955601,0.110419749,0.032573204,0.019162897,0.020141525,0.018571688,0.023204226,0.01245839,0.025642124,0.021042676,0.044977418,0.026247523,0.057056602,0.019842627,0.02961251,0.009184187,0.028563412,0.035873651,1,1,1,1,1,1,1,0.374444843,0.270487166,24/6/2020,30/6/2020
United States,0.077196048,0.073938974,0.065652078,0.06857756,0.067034603,0.041222477,0.076037601,0.075129225,0.016026314,0.109655006,0.017138161,0.020872063,0.022246297,0.017719878,0.023229905,0.018637923,0.023210135,0.011431112,0.02217047,0.017627485,0.126934346,0.121964557,0.123217307,0.112882792,0.119347589,0.096897901,0.122648199,0.106557241,0.03410555,0.021156996,0.020012361,0.016853875,0.021005686,0.012191825,0.024465192,0.019529028,0.039494505,0.022547965,0.061026488,0.019097075,0.023817602,0.007749618,0.027748209,0.033807999,1,1,1,1,1,1,1,0.157491474,0.166489275,2/12/2020,8/12/2020
United States,0.092048924,0.07679297,0.067475664,0.0767948,0.066809855,0.044752997,0.082966731,0.092251497,0.016601554,0.111049841,0.017679051,0.020720069,0.028002954,0.01683816,0.02172002,0.019658823,0.022511412,0.012341667,0.027826706,0.020141013,0.135896531,0.120133482,0.121437816,0.116868993,0.119360866,0.09822515,0.12677677,0.119732778,0.036768454,0.020046133,0.020012282,0.019980499,0.025332772,0.012622865,0.022495303,0.022670615,0.04168414,0.021404626,0.059172198,0.018793696,0.022569292,0.007798599,0.030972897,0.039248778,1,1,1,1,1,1,1,0.047725526,0.127265039,9/12/2020,15/12/2020
